customer_id,community_id
3392,11
1,11
4537,11
2388,11
1646,11
108,11
2341,11
430,11
434,11
1418,11
3211,11
1608,11
4305,11
2017,11
508,11
1461,11
3840,11
1663,11
1519,11
1351,11
4001,11
2538,11
1652,11
3545,11
3772,11
1746,11
4023,11
4496,11
167,11
1713,11
752,11
105,11
781,11
3695,11
91,11
4321,11
3077,11
4277,11
2522,11
2532,11
2237,11
1420,11
3167,11
4505,11
1693,11
4016,11
736,11
3793,11
1923,11
994,11
2454,11
3859,11
4831,11
2319,11
987,11
1986,11
2158,11
3865,11
1178,11
4967,11
4712,11
4059,11
2638,11
4908,11
1014,11
3714,11
1919,11
702,11
2999,11
1872,11
4914,11
864,11
2279,11
3838,11
3969,11
725,11
3661,11
1414,11
2819,11
4796,11
3256,11
1393,11
4003,11
295,11
1267,11
2112,11
588,11
4427,11
699,11
4617,11
801,11
307,11
3641,11
4649,11
865,11
2445,11
2895,11
4406,11
3569,11
3172,11
2,11
3395,26
2902,26
4269,26
1925,26
1231,26
3744,26
4731,26
1638,26
1089,26
4329,26
1521,26
198,26
1955,26
210,26
2358,26
4272,26
1869,26
3268,26
4282,26
1018,26
3002,26
1296,26
3226,26
1643,26
3278,26
1730,26
4157,26
3332,26
4521,26
2300,26
1586,26
2381,26
1888,26
2603,26
1814,26
937,26
168,26
1247,26
4015,26
1072,26
4344,26
4173,26
1787,26
1972,26
3377,26
4851,26
4820,26
4221,26
3,26
1323,7
2270,7
1893,7
2876,7
1971,7
3881,7
4644,7
6,7
4340,7
4108,7
2335,7
1760,7
4281,7
4756,7
1742,7
1241,7
3666,7
4770,7
2841,7
4816,7
1968,7
1967,7
3388,7
4623,7
659,7
3603,7
4306,7
4767,7
4345,7
1049,7
1769,7
4797,7
352,7
4369,7
4397,7
3692,7
1076,7
2065,7
770,7
2620,7
2197,7
26,7
688,7
237,7
4751,7
986,7
2396,7
1389,7
3393,7
1336,7
131,7
4925,7
3511,7
4247,7
3696,7
1028,7
717,7
2883,4
4261,4
4429,4
4441,4
1182,4
3317,4
862,4
3409,4
1472,4
4096,4
2398,4
69,4
2517,4
4181,4
4361,4
2673,4
2983,4
190,4
1947,4
4929,4
2618,4
1525,4
788,4
3136,4
1571,4
4968,4
3651,4
1144,4
4066,4
4333,4
4727,4
500,4
1032,4
3415,4
3310,4
4324,4
4102,4
4626,4
4877,4
1252,4
3081,4
253,4
3776,4
449,4
3525,4
7,4
959,26
472,26
1289,26
4832,26
3061,26
748,26
3021,26
2992,26
4615,26
446,26
1547,26
3487,26
8,26
12,26
1339,26
4763,26
2241,26
1743,26
1909,26
211,26
1954,26
3516,26
1427,26
4612,26
3720,26
2839,26
3827,26
2658,26
1108,26
3235,26
4090,26
2542,26
271,26
4202,26
4625,26
4167,26
2173,26
3543,26
1286,26
1642,26
4164,26
2007,26
2861,26
3539,26
529,26
4538,26
4919,26
169,26
31,26
2092,26
4921,26
2372,26
3123,26
3553,26
4629,26
4338,26
4784,26
587,26
4748,26
4296,26
4959,26
4136,26
1487,6
512,7
2269,6
3253,8
3758,8
2325,8
9,6
3464,8
2078,6
1938,8
411,6
1658,26
2713,6
821,6
2764,6
2135,10
245,8
2104,8
1990,6
580,7
2284,6
1491,8
2931,8
2995,8
293,8
822,11
4207,10
3615,8
4323,6
481,7
1046,6
1645,8
2871,10
1688,6
3473,8
869,10
3189,8
1809,6
2353,6
1513,6
3170,8
3747,6
593,8
1075,6
1799,6
1515,6
1156,6
2927,6
1451,8
1114,10
3559,10
1343,6
4351,6
2675,6
1722,7
370,8
2159,26
1226,26
1841,26
713,26
3767,26
1454,26
11,26
4423,26
1225,26
3035,26
2161,26
1977,26
1370,26
4314,26
2513,26
2109,26
1237,26
259,26
3492,26
165,26
2687,26
2218,26
682,26
932,26
1405,26
4307,26
3531,26
3144,26
2140,26
367,26
83,26
1277,26
283,26
3623,26
2459,26
223,26
2106,26
1540,26
3512,26
875,26
287,26
1761,26
2430,26
1138,26
1945,26
2231,26
4316,26
3879,26
619,26
2780,26
4790,26
4250,26
4251,26
4642,26
886,26
84,26
2806,13
13,13
3026,13
4123,13
814,13
1541,13
1569,13
2439,13
567,13
447,13
3305,13
201,13
698,13
2058,13
4078,13
1861,13
118,13
2771,13
205,13
1068,13
1303,13
3639,13
548,13
4394,13
3012,13
2874,13
3521,13
2491,13
2599,13
4587,13
117,13
4039,13
2246,13
603,13
3557,13
805,13
3420,13
3567,13
4112,13
1957,13
2857,13
2299,13
3520,13
4438,13
4241,13
4692,13
2030,13
1502,13
3882,13
4294,13
2266,13
74,8
3786,8
1412,8
14,8
1312,8
678,8
1526,8
4924,8
4468,8
1908,8
4131,8
2206,8
2937,8
2377,8
10,8
3645,8
1167,8
4930,8
2118,8
4154,8
4557,8
4901,8
2125,8
4898,8
332,8
656,8
215,8
326,8
3103,8
885,8
4355,8
1060,8
4206,8
2357,8
4388,8
561,8
4328,8
2834,8
3209,8
1257,8
624,8
1661,8
4934,8
2380,8
1408,8
3611,8
2785,8
1279,8
4290,8
4472,8
4523,8
1711,8
3664,8
3245,7
1594,7
3472,7
1152,7
427,7
2727,7
4471,7
1059,7
2131,7
16,7
3109,7
791,7
3884,7
2313,7
2275,7
634,7
4695,7
4917,7
1246,7
2137,7
3171,7
2509,7
360,7
1562,7
4242,7
3297,7
2590,7
4531,7
119,7
3362,7
1600,7
544,7
41,7
540,7
3835,7
750,7
75,7
883,7
3244,7
3564,7
3041,7
675,7
4454,7
4360,7
1390,7
1158,7
4944,7
570,7
2139,7
2592,7
3514,7
3162,7
2997,7
4966,7
1771,7
104,7
2972,7
2551,7
4690,7
665,8
4575,8
1192,8
3046,8
4109,8
533,8
4693,8
2605,8
53,8
17,8
3509,8
486,8
4723,8
1671,8
745,8
2766,8
2712,8
1236,8
63,8
1835,8
4950,8
1264,8
3928,8
2170,8
3631,8
1017,8
2420,8
4991,8
4768,8
1081,8
706,8
2724,8
4400,8
1619,8
3734,8
4038,8
207,8
2039,8
3302,8
3749,8
4657,8
4487,8
3927,8
3270,8
779,8
3323,8
4579,8
306,8
2369,8
877,8
1476,8
192,8
4297,8
1238,8
3351,8
2730,8
3595,8
4874,8
1685,8
3574,17
448,17
2991,17
2656,17
2668,17
420,17
2442,17
1299,17
3945,17
4265,17
2220,17
2723,17
451,17
255,17
1298,17
2458,17
362,17
3252,17
1612,17
3151,17
3873,17
1259,17
981,17
2077,17
4104,17
3735,17
1833,17
944,17
2957,17
4906,17
284,17
2905,17
2191,17
2368,17
1426,17
4430,17
3634,17
137,17
2601,17
132,17
4735,17
4445,17
4481,17
3485,17
4962,17
2527,17
2046,17
4312,17
2097,17
18,17
1740,10
1793,10
1019,10
1278,10
3654,10
2583,10
4938,10
3561,10
4420,10
22,10
4380,10
1119,10
609,10
3891,10
2364,10
373,10
4412,10
4310,10
1889,10
3225,10
4473,10
2116,10
2312,10
2882,10
1330,10
4627,10
4146,10
3483,10
4754,10
3449,10
2706,10
4095,10
1091,10
147,10
2504,10
3552,10
2864,10
4298,10
4149,10
4346,10
989,10
497,10
2028,10
4591,10
891,10
1288,10
690,10
3068,10
775,10
3825,10
3155,10
187,10
4691,10
1022,10
1607,10
602,10
2193,10
790,10
4098,10
1852,8
3737,8
4437,10
493,26
24,26
242,26
566,26
815,8
2691,26
2908,8
4647,8
4932,11
590,26
87,26
3331,10
4450,11
4401,26
3964,11
1079,26
2994,26
3308,10
4334,26
832,26
2461,11
679,10
4303,8
291,26
4204,10
2526,10
3251,26
916,8
950,26
4200,26
404,26
3896,26
3902,11
2872,26
4054,26
3048,26
2004,8
4567,8
3759,26
1071,26
2846,10
398,8
2263,26
1745,8
68,26
969,26
4989,8
3593,26
2963,26
2227,26
1297,26
247,11
4639,11
4817,11
3413,11
2912,11
377,11
3267,11
4226,11
4954,11
478,11
2955,11
183,11
1202,11
1816,11
3232,11
4561,11
2888,11
1668,11
3736,11
3401,11
4952,11
3183,11
429,11
3364,11
1989,11
4682,11
182,11
142,11
302,11
3143,11
4655,11
25,11
4070,11
1531,11
2739,11
2367,11
4554,11
3074,11
1338,11
732,11
689,11
1660,11
392,11
1530,11
776,11
1128,8
3809,8
2392,8
3688,8
112,8
2010,8
4913,8
2322,8
741,8
4749,8
3104,8
2663,8
2546,8
226,8
4133,8
220,8
1149,8
27,8
79,8
2961,8
3433,8
1535,8
3656,8
2285,8
3452,8
1092,8
3214,8
3390,8
4402,8
746,8
268,8
399,8
3721,8
2925,8
4082,8
2885,8
1910,8
2490,8
4510,8
1758,8
4809,8
1988,8
1815,8
1016,8
3468,8
3551,8
4918,8
3888,8
1175,8
4799,8
4257,8
243,8
856,8
4359,8
3591,8
177,8
4193,8
4249,8
1021,8
906,8
2774,8
3609,8
2737,8
2783,8
4466,6
4892,6
2611,6
1467,6
2591,6
2478,6
3129,6
1132,6
669,6
2856,6
3705,6
4189,6
2400,6
2870,6
4156,6
129,6
2290,6
3853,6
3790,6
773,6
21,6
1334,6
3647,6
2336,6
2566,6
2166,6
3860,6
3668,6
3327,6
4530,6
28,6
100,6
4565,6
2803,6
4631,6
3106,6
2332,6
3411,6
2466,6
3722,6
2318,6
4971,6
3329,6
2317,6
309,6
1914,6
1575,6
766,6
2089,6
1726,6
539,6
1950,6
3766,6
2486,6
3773,6
1587,6
3808,6
35,6
1088,6
3698,22
3339,22
3861,22
4135,22
2061,22
1684,22
3950,22
29,22
3024,22
4990,22
1565,22
3871,22
1249,22
286,22
4177,22
3922,22
639,22
3814,22
2626,22
2062,22
4599,22
3283,22
1557,22
3619,22
2609,22
1952,22
2404,22
1184,22
1964,22
2697,22
206,22
3500,22
3055,22
1603,22
294,22
3598,22
4819,22
4113,22
2236,22
1164,22
1905,22
850,22
1994,22
4672,22
4524,22
2610,22
685,22
2642,22
2049,22
3532,22
3216,22
4527,22
2962,23
4546,23
3671,23
2580,23
1648,23
3051,23
2171,23
3454,23
4111,23
3618,23
4432,23
1251,23
324,23
4395,23
2918,23
2756,23
1819,23
1859,23
2959,23
4165,23
4292,23
4713,23
4274,23
4114,23
330,23
166,23
1759,23
622,23
4564,23
2128,23
30,23
1901,23
3947,23
260,23
3957,23
2967,23
4240,23
1093,23
3707,23
2830,23
4711,23
89,23
1444,23
1871,23
2499,23
103,23
3067,23
4106,23
1621,23
3713,23
4602,23
2893,23
754,23
1804,23
999,23
1844,23
4936,10
4317,10
4834,10
1326,10
2393,10
2797,10
2855,10
3298,10
556,10
3680,10
2234,10
2205,10
1879,10
1133,10
617,10
3165,10
32,10
1825,10
1611,10
2036,10
3260,10
3658,10
1561,10
2505,10
3032,10
613,10
494,10
120,10
2744,10
715,10
2946,10
2989,10
387,10
3142,10
3477,10
2647,10
2441,25
4187,25
4534,25
2221,25
180,25
2667,25
2385,25
33,25
4902,25
3212,25
1806,25
3638,25
1744,25
988,25
3669,25
3432,25
4134,25
96,25
3877,25
3678,25
963,25
3753,25
2015,25
3549,25
3380,25
921,25
1943,25
731,25
2805,25
3316,25
1151,25
2641,25
1105,25
910,25
1324,25
1260,25
1750,25
2694,25
2971,25
4540,25
846,25
4349,25
4085,25
1082,25
3607,25
526,25
359,25
828,25
1227,25
4311,25
2076,25
450,25
2625,25
2496,25
2929,26
3961,26
1623,26
3801,26
2047,26
4228,26
2533,26
2934,26
4000,26
3427,26
4375,26
1528,26
3794,26
3740,26
1702,26
2174,26
663,26
2115,26
3614,26
4037,26
466,26
2431,26
406,26
2596,26
3712,26
19,26
3184,26
36,26
2619,26
439,26
4064,26
1316,26
4386,26
3777,26
3320,26
2233,26
1442,26
3626,26
2979,26
4,26
106,26
424,26
3923,26
1733,26
4021,26
3451,26
1826,26
3295,26
4047,26
4399,27
2346,27
4511,27
2923,27
4757,27
1506,27
3936,27
1812,27
3033,27
2500,27
1590,27
48,27
4301,27
1407,27
289,27
2268,27
4230,27
1126,27
2802,27
3314,27
4055,27
1098,27
2178,27
317,27
2462,27
1874,27
2157,27
671,27
3788,27
2629,27
311,27
401,27
3978,27
336,27
511,27
3768,27
3862,27
1662,27
2661,27
347,27
1086,27
444,27
3515,27
1551,27
630,27
4073,27
2615,27
3642,27
4110,27
3703,27
2207,27
2280,27
1937,27
3571,27
1520,7
171,7
1470,7
1719,7
2177,7
2765,7
4993,7
2329,7
156,7
1063,7
1601,7
2273,7
3169,7
49,7
3397,7
3266,7
3179,7
4687,7
4103,7
786,7
4295,7
97,7
3156,7
4608,7
4861,7
1553,7
2278,7
3757,7
1250,7
2655,7
3389,7
1301,7
2203,7
383,7
1290,7
4342,7
3841,7
2838,7
527,29
1425,29
2910,29
3217,29
837,29
4436,29
1579,29
50,29
2437,29
755,29
1808,29
1054,29
1080,29
355,29
3080,29
774,29
543,29
275,29
1195,29
1576,29
322,29
3663,29
729,29
2572,29
2485,29
4201,29
1211,29
681,29
4455,29
4139,29
1884,29
2394,29
4862,29
274,29
4150,29
2933,29
793,29
3717,29
379,29
2192,29
4750,30
4318,30
1436,30
1424,30
2000,30
3461,30
1821,30
40,30
4666,30
2071,30
2678,30
2052,30
651,30
1942,30
2689,30
3437,30
4605,30
4558,30
319,30
2775,30
1629,30
3508,30
2150,30
4175,30
3073,30
3259,30
241,30
3193,30
884,30
1507,30
4854,30
1659,30
604,30
2977,30
3265,30
2497,30
4941,30
1543,30
3942,30
4630,30
3958,30
1400,30
2356,30
1578,30
1785,30
2361,30
2059,30
528,30
55,30
2194,30
535,30
931,30
3198,30
4036,30
2254,30
1921,30
3456,30
1780,30
3621,30
2617,30
574,30
4229,10
978,10
2878,10
3606,10
1635,10
847,10
2528,10
1630,10
4578,10
3066,10
3356,10
1292,10
667,10
143,10
1083,10
4278,10
1876,10
1233,10
1125,10
3176,10
2525,10
2686,10
1447,10
485,10
687,10
608,10
56,10
2563,10
3943,10
1329,10
1756,10
2184,10
2670,10
1753,10
4916,10
3403,10
2928,10
559,10
1868,10
1940,10
333,10
4286,10
1460,10
2728,10
4057,10
1763,10
3147,10
4552,10
734,10
2186,10
2814,10
1265,10
3926,10
1703,10
3249,10
3321,10
858,10
531,10
562,10
4879,10
1332,10
3065,32
3898,32
1070,32
1566,32
3830,32
3665,32
1359,32
662,32
3852,32
2507,32
4646,32
202,32
1838,32
3505,32
1430,32
2230,32
2810,32
1239,32
616,32
4781,32
1073,32
57,32
1839,32
1446,32
454,32
3986,32
4374,32
2593,32
3313,32
4888,32
4213,32
3743,32
3286,32
4788,32
4660,32
1714,32
3088,32
3904,32
3670,32
3951,32
3442,32
2865,32
727,32
2795,32
4824,32
1402,32
2321,32
3955,32
3157,32
4596,32
2181,32
2142,32
4725,32
1483,32
3602,33
59,33
1282,33
3718,33
530,33
3282,33
4006,33
2985,33
4365,33
1380,33
1062,33
2210,33
2796,33
2763,33
1188,33
2163,33
2602,33
1830,33
855,33
955,33
1051,33
3739,33
4678,33
64,33
1939,33
2069,33
874,33
232,33
2604,33
371,33
162,33
1222,33
1087,33
1739,33
4424,33
2308,33
1040,33
644,33
697,33
3527,33
4188,33
4681,33
4126,33
4463,33
4378,33
4717,33
2435,8
2545,8
3294,8
2470,8
4180,8
102,8
1207,8
4517,8
3496,8
60,8
1309,8
2088,8
150,8
2836,8
762,8
3130,8
3318,8
857,8
2613,8
2760,8
1423,8
2481,8
3503,8
4611,8
3276,8
334,8
3913,8
1035,8
3803,8
3112,8
3648,8
3783,8
4270,8
4515,8
2634,8
2510,8
2276,35
1857,35
1261,35
308,35
2731,35
2195,35
1850,35
3303,35
4041,35
4593,35
893,35
4186,35
4183,35
3484,35
4407,35
423,35
61,35
4273,35
1456,35
1983,35
2964,35
1111,35
686,35
2948,35
353,35
1644,35
3821,35
882,35
3093,35
3738,35
3989,35
1637,35
2242,35
1518,35
2024,35
1887,35
3034,35
1041,35
902,35
2753,35
964,35
514,35
1015,35
3359,35
3537,35
4426,36
1187,36
2473,36
2214,36
249,36
4169,36
2248,36
1558,36
1906,36
4212,36
1762,36
62,36
1499,36
4560,36
1212,36
4943,36
181,36
995,36
3113,36
473,36
2945,36
3279,36
2981,36
1613,36
4638,36
1641,36
3234,36
3368,36
3912,36
4737,36
872,36
2915,36
3684,36
116,36
3354,36
1404,36
2501,36
4697,36
4643,36
4009,36
3572,36
571,36
4577,37
258,37
2705,37
2987,37
4964,37
2662,37
3818,37
2749,37
4884,37
2130,37
3976,37
4903,37
3257,37
3311,37
4024,37
2539,37
3851,37
4926,37
4704,37
4584,37
305,37
3344,37
2265,37
4118,37
1100,37
3673,37
281,37
4452,37
4793,37
4486,37
3866,37
1698,37
3846,37
2547,37
4142,37
4810,37
1673,37
4191,37
2094,37
3635,37
4398,37
598,37
2524,37
3069,37
1043,37
3050,37
2176,37
3938,37
3655,37
3154,37
65,37
1897,37
2845,37
414,37
1995,37
1544,10
3333,10
3797,10
1701,10
1848,10
4336,10
1183,10
2733,10
1788,10
4152,10
4101,10
3854,10
1697,10
4571,10
66,10
3044,10
3863,10
4411,10
1966,10
506,10
4880,10
4975,10
606,10
2423,10
4923,10
827,10
2812,10
4645,10
3182,10
4467,10
948,10
460,10
758,10
3400,10
4848,10
4237,10
2852,10
818,10
720,10
3466,10
1304,10
4798,10
4958,10
1371,10
2677,10
229,10
1958,10
3042,39
2632,39
2707,39
88,39
3637,39
751,39
1432,39
3425,39
4219,39
4686,39
3087,39
1448,39
1752,39
3616,39
3944,39
3152,39
203,39
385,39
2488,39
2561,39
4726,39
4844,39
1779,39
3867,39
3047,39
92,39
4343,39
3732,39
2710,39
4353,39
1228,39
4372,39
694,39
67,39
3199,39
1577,39
3096,39
4753,39
3535,39
4058,39
4805,39
2091,39
1953,39
3850,39
1552,39
4804,39
972,39
2809,39
136,39
2183,39
2262,39
4178,39
3518,39
2476,39
2026,39
2708,39
2422,39
244,39
4986,8
1285,8
3342,8
4828,8
677,8
1676,8
70,8
2002,8
1441,8
2401,8
2070,8
876,8
3971,8
1273,8
4076,8
3383,8
3691,8
1204,8
2635,8
349,8
908,8
327,8
3974,8
760,8
3929,8
325,8
278,8
3580,8
4105,8
4548,8
4855,8
4258,8
1362,8
1023,8
303,8
737,8
1360,8
1293,8
4734,8
3998,8
3481,8
716,6
1949,6
1177,6
3948,6
3672,6
4235,6
3309,6
340,6
2954,6
798,6
71,6
4589,6
4580,6
1123,6
3710,6
4764,6
3872,6
4718,6
2788,6
853,6
2126,6
235,6
1214,6
3038,6
3240,6
3108,6
4190,6
2512,6
4813,6
1205,6
2890,6
3076,6
1708,6
1704,6
2457,6
4759,6
1842,6
1219,6
2807,6
388,6
4658,6
2640,6
4585,6
3727,6
3288,6
4659,6
4179,6
462,7
3181,7
3281,7
1721,7
3247,7
3628,7
4074,7
3063,7
1533,7
365,7
3025,7
4886,7
2622,7
2608,7
868,7
2969,7
1626,7
2679,7
2577,7
4068,7
3453,7
4721,7
1694,7
2373,7
1941,7
4421,7
1555,7
1300,7
2518,7
3434,7
4145,7
72,7
4234,7
174,7
4476,7
2652,7
532,7
700,7
708,7
4289,7
4276,7
4745,7
2264,7
3475,7
3848,7
2519,7
3596,7
1574,7
2579,7
2216,7
4662,7
625,7
2229,7
1959,7
320,7
4493,7
3795,7
216,7
375,7
4535,7
3952,7
2326,7
1651,7
3196,7
3264,7
1592,7
73,7
164,7
830,7
1429,7
1095,7
1181,7
4773,7
560,7
1030,7
4812,7
476,7
635,7
3510,7
2405,7
957,7
817,7
2646,7
2079,7
1639,7
154,7
3558,7
848,7
3513,7
2238,7
410,7
647,7
4909,7
4598,7
3864,7
4122,7
650,7
134,7
813,7
2063,7
2860,7
1915,7
4904,7
4915,7
2409,7
2692,7
1913,7
2222,7
4610,7
2244,7
973,7
4174,7
270,8
1306,8
3844,8
4946,8
4999,8
3215,8
1142,8
3186,8
4775,8
551,8
2589,8
2717,8
4982,8
1796,8
1766,8
4871,8
992,8
3120,8
808,8
941,8
4685,8
2027,8
77,8
4100,8
2875,8
1568,8
442,8
1556,8
4549,8
4806,8
161,8
1379,8
1419,8
2822,8
2606,8
4559,8
3810,8
4702,8
3566,8
204,8
4839,7
376,7
1150,8
1918,7
421,7
796,7
3530,7
4633,7
1055,7
265,8
4590,7
4927,7
3379,7
1911,8
47,7
1078,10
1896,7
3807,10
343,7
3007,8
2172,7
2721,10
2777,7
433,7
3946,8
1349,7
2540,10
1789,8
515,7
145,7
4391,7
3071,7
2121,10
1706,8
380,8
4482,7
2345,7
4119,7
2554,10
3436,7
1315,7
710,7
2701,7
3831,8
2169,7
1818,7
321,7
1449,8
2249,8
1634,7
1387,8
4451,7
2782,7
3778,7
81,7
2950,7
4701,7
4185,7
3787,8
2511,45
139,45
1680,45
4416,45
2541,45
4802,45
4912,45
4814,45
1003,45
3548,45
1317,45
4714,45
2734,45
1479,45
4556,45
3506,45
4410,45
1340,45
1477,45
251,45
457,45
534,45
4900,45
3386,45
85,45
726,45
2588,45
4067,45
2866,45
2804,45
772,45
3933,45
4601,45
2271,45
1139,45
3869,45
1104,45
2117,45
2465,45
1609,45
2636,45
1235,45
2124,45
2745,45
1094,45
3724,45
1963,46
3479,46
4503,46
95,46
432,46
4825,46
3909,46
1976,46
3649,46
4656,46
1664,46
381,46
2755,46
2578,46
2560,46
2576,46
3150,46
3115,46
3474,46
4670,46
4065,46
3101,46
1727,46
4998,46
2258,46
2612,46
4127,46
2896,46
547,46
1599,46
101,46
2363,46
2914,46
2742,46
2379,46
4632,46
51,46
4143,46
3205,46
3254,46
2650,46
4025,46
1709,46
3367,46
991,46
1186,46
1213,46
3906,46
2674,46
4220,46
1431,46
2391,46
4637,46
899,46
1509,46
2074,46
1800,46
489,46
1020,46
521,11
3711,11
4771,11
2823,11
3583,11
2930,11
2699,11
797,11
2828,11
1929,11
4780,11
3330,11
178,11
1045,11
1037,11
3009,11
200,11
98,11
764,11
3581,11
228,11
2340,11
4040,11
4719,11
3868,11
499,11
1240,11
4822,11
3465,11
834,11
3729,11
594,11
739,11
2008,11
3250,11
4418,11
269,11
4641,11
2793,11
2164,11
4162,11
3982,11
2239,11
160,11
2586,11
2506,11
2984,11
2303,11
4873,11
4581,11
3164,11
3847,11
417,11
1670,11
148,0
4115,0
2418,0
4405,0
1674,0
4965,0
2387,0
1563,0
1494,0
1143,0
738,0
3482,0
633,0
3917,0
4722,0
4280,0
2245,0
928,0
2301,0
107,0
3617,0
523,0
461,0
110,0
1357,0
1457,0
1283,0
1917,0
1415,0
4194,0
3519,0
2232,0
2495,0
2202,0
2974,0
537,0
4875,0
2813,0
979,0
3476,0
4497,0
3919,0
3916,0
4449,0
3662,0
577,6
3832,6
2672,6
1602,6
4084,6
849,6
676,6
4744,6
3084,6
1130,6
4266,6
1148,6
3175,6
3013,6
2799,6
3306,6
911,6
3630,6
3490,6
2434,6
3973,6
3348,6
2247,6
926,6
4512,6
701,6
2107,6
393,6
3373,6
3099,6
4456,6
4776,6
3416,6
3746,6
2958,6
3577,6
4872,6
4935,6
2648,6
3875,6
742,6
637,6
945,6
111,6
2487,6
1036,6
3462,6
1481,6
3137,6
5,6
2879,6
2633,6
3730,6
2370,6
4619,26
1313,26
2685,26
45,26
4606,26
1215,26
4465,26
1922,26
638,26
803,26
4922,26
723,26
4992,26
246,26
2111,26
2768,26
1770,26
1196,26
3687,26
1067,26
2754,26
2480,26
173,26
591,26
3849,26
1522,26
4335,26
1894,26
1523,26
2081,26
2904,26
2659,26
2722,26
2757,26
1725,26
4089,26
2374,26
935,26
1180,26
3719,26
342,26
3805,26
873,26
43,26
113,26
155,26
3887,26
2286,26
4852,26
4840,26
1707,26
4846,26
1689,1
1165,1
1827,1
1348,1
4732,1
4689,1
2468,1
2390,1
1375,1
2414,1
4376,1
4288,1
4419,1
3387,1
2475,1
1538,1
4083,1
1170,1
2729,1
115,1
1193,1
2693,1
3100,1
3812,1
953,1
2558,1
3953,1
1936,1
351,1
4826,1
3219,1
1783,1
138,1
80,1
3798,1
2953,1
4676,1
2311,1
2148,1
4331,1
4988,1
3959,1
280,1
4442,1
1885,1
4371,1
2243,1
1232,1
4195,1
861,1
1008,1
2993,1
3262,1
836,1
860,1
3977,1
3704,1
852,1
1452,1
1870,1
1310,1
1064,1
469,8
3756,11
3885,11
3937,10
2884,11
121,11
1773,10
4495,8
4792,11
4356,11
1110,11
3349,26
4470,8
3894,10
1372,8
2072,11
3935,10
3277,11
4613,11
1715,11
4583,11
3001,11
3612,10
2145,11
468,8
3562,10
1875,26
1217,11
3292,11
2067,11
784,8
279,11
4393,7
2907,11
4337,8
1854,11
2898,26
909,26
4835,11
3921,11
3011,11
509,8
4081,11
954,11
1764,11
4332,10
4710,8
970,8
2020,8
313,8
2295,8
3140,8
915,8
292,8
3644,8
2415,8
2096,8
1146,8
2314,8
4513,8
4876,8
122,8
2767,8
839,8
3163,8
1534,8
918,8
3528,8
1622,8
2982,8
2769,8
4431,8
2156,8
4117,8
4594,8
2389,8
4987,8
3694,8
4248,8
2448,8
3366,8
3674,8
1234,8
4080,8
1962,8
2688,8
2568,8
3204,8
2320,8
1358,8
1210,8
2298,8
1191,8
3570,8
1765,8
316,8
2293,8
4867,2
897,2
1781,2
631,2
3381,2
4791,2
1388,2
2066,2
238,2
1627,2
3965,2
3117,2
1155,2
431,2
438,2
2432,2
4211,2
301,2
4931,2
4414,2
2464,2
3328,2
1056,2
4509,2
1996,2
3343,2
4060,2
123,2
3908,2
2842,2
1757,2
3997,2
4859,2
2436,2
1365,2
1118,2
4563,2
684,2
225,2
1956,2
3700,2
4233,3
2531,3
2100,3
4462,3
2302,3
3091,3
470,3
124,3
3785,3
3072,3
4121,3
2060,3
1084,3
4244,3
4547,3
4464,3
4390,3
1466,3
3823,3
1200,3
1190,3
575,3
4569,3
1354,3
2986,3
2073,3
2395,3
4507,3
2272,3
4322,3
2544,3
2334,3
2926,3
455,3
3604,3
2624,3
4506,3
2235,3
756,3
2862,3
2944,3
4425,3
977,3
4652,3
4444,3
4253,3
4694,3
498,3
1614,3
4785,3
1705,3
4026,3
230,3
3690,3
1843,3
807,3
3991,3
3187,3
3784,3
3028,7
2460,7
3272,7
428,7
2407,7
125,7
1904,7
3489,7
4949,7
4688,7
823,7
1735,7
780,7
1610,7
4807,7
3529,7
4246,7
345,7
2479,7
3287,7
1417,7
1873,7
2037,7
4996,7
1878,7
2901,7
1912,7
3880,7
1113,7
636,7
3536,7
2704,7
234,7
1768,7
1687,7
905,7
3382,7
3613,7
76,7
4348,7
2990,7
4176,7
3775,7
4404,7
114,7
783,7
257,7
3208,7
2410,7
2794,7
3365,7
4939,7
2851,7
3762,5
4794,5
4742,5
1112,5
3376,5
730,5
4628,5
480,5
3824,5
3274,5
674,5
4043,5
2093,5
2980,5
4491,5
3796,5
629,5
2669,5
3855,5
1596,5
1161,5
4198,5
3335,5
1620,5
3206,5
2567,5
149,5
3653,5
4984,5
3826,5
2698,5
3754,5
3408,5
3708,5
844,5
4897,5
4663,5
4870,5
335,5
3040,5
1327,5
2833,5
894,5
1993,5
135,5
3836,5
1920,5
2182,5
2715,5
1033,5
1131,5
196,5
2304,5
2492,5
1961,5
1695,5
127,5
3963,5
4724,5
1302,9
3440,9
4492,9
1786,9
4528,9
4171,9
1002,9
4618,9
3326,9
4738,9
341,9
128,9
2976,9
1198,9
4168,9
467,9
1345,9
4030,9
714,9
961,9
4928,9
4978,9
2469,9
3404,9
1728,9
346,9
3322,9
2682,9
2598,9
1276,9
296,9
212,9
3180,9
1649,9
1026,9
3829,9
592,9
3145,9
2502,9
4526,9
2127,9
3457,9
4654,9
1378,9
214,9
4774,9
140,9
599,9
4264,9
4778,9
4795,9
1085,9
3970,9
3494,9
648,9
2424,9
2219,9
1262,9
208,12
3396,12
3652,12
1318,12
2277,12
2683,12
3056,12
1732,12
2355,12
78,12
4141,12
3763,12
4782,12
895,12
3275,12
2056,12
213,12
1475,12
2772,12
440,12
920,12
4309,12
3160,12
4382,12
831,12
2664,12
1883,12
2456,12
4050,12
2427,12
4077,12
130,12
2188,12
4899,12
3052,12
1866,12
1331,12
3139,12
2087,12
4182,12
3049,12
1782,12
2597,12
4435,12
1717,12
453,12
339,12
1489,12
2110,12
2323,12
4700,12
1458,12
4698,12
477,12
661,12
1546,12
2523,12
378,12
3779,12
4448,12
3097,12
3996,12
2366,6
3941,6
787,6
1640,6
3534,6
3533,6
4845,6
3834,6
3290,6
1294,6
1973,6
2574,6
3816,6
820,6
3686,6
1439,6
691,6
3058,6
1116,6
816,6
3800,6
199,6
2627,6
1353,6
1539,6
1886,6
2791,6
1307,6
1573,6
1580,6
3202,6
4044,6
133,6
1173,6
3054,6
256,6
2080,6
3770,6
2255,6
888,6
2306,6
4385,6
1000,6
4254,6
1209,6
4566,6
4046,6
3741,6
3542,14
3207,14
3407,14
3585,14
892,14
4210,14
3121,14
1163,14
416,14
2226,14
1136,14
4573,14
4866,14
1798,14
934,14
3405,14
789,14
176,14
2101,14
4428,14
2053,14
1980,14
3822,14
4300,14
4729,14
2939,14
2867,14
4011,14
3632,14
3657,14
1107,14
504,14
3197,14
277,14
2966,14
3895,14
231,14
966,14
2055,14
4842,14
2702,14
248,14
3118,14
4979,14
3023,14
141,14
1392,14
2283,14
3426,14
3284,14
2208,14
2718,14
1122,14
2825,15
2316,15
1882,15
1991,15
2327,15
513,15
4137,15
458,15
695,15
2508,15
4677,15
1965,15
4222,15
3443,15
4086,15
1851,15
2935,15
753,15
218,15
3231,15
1421,15
3105,15
3018,15
505,15
2817,15
1505,15
2792,15
1934,15
144,15
1242,15
761,15
806,15
3675,15
4203,15
191,15
719,15
4551,15
4389,15
984,15
4417,15
4772,15
1618,15
3000,15
3984,15
3391,15
2897,15
3138,15
933,15
4005,15
4595,15
1346,15
221,15
4736,15
58,15
538,15
2628,15
841,15
2019,15
3911,15
4948,15
1931,15
4013,15
3660,15
3296,15
829,15
2122,15
4803,7
3200,7
262,7
4368,7
2428,7
264,7
3540,7
4352,7
2014,7
2342,7
1734,7
3480,7
4485,7
2365,7
3491,7
3375,7
3319,7
146,7
3636,7
4981,7
1308,7
4937,7
3360,7
3361,7
2696,7
968,7
1948,7
1485,7
3372,7
2654,7
163,7
733,7
4022,7
2324,7
1616,7
3114,7
3752,7
4762,7
632,7
3939,7
2941,7
3149,7
835,7
3993,7
1597,7
1881,7
1478,7
2023,7
2362,7
2849,7
1147,7
519,7
536,7
2123,7
2307,7
1710,16
492,16
315,16
170,16
799,16
618,16
607,16
2223,16
3238,16
1817,16
3357,16
3625,16
2761,16
3447,16
4708,16
765,16
3813,16
2587,16
2913,16
2520,16
3158,16
3731,16
1201,16
4808,16
4582,16
2975,16
1453,16
3709,16
2911,16
2681,16
518,16
2847,16
1280,16
4522,16
151,16
898,16
3006,16
2900,16
1712,16
4315,16
557,16
391,16
3605,16
1422,16
2412,16
4668,16
1135,10
3960,10
1140,10
236,10
3301,10
418,10
516,10
2631,10
1805,10
545,10
4651,10
1160,10
525,10
3228,10
487,10
2660,10
4543,10
4972,10
1058,10
2267,10
3424,10
2621,10
3399,10
4377,10
44,10
4574,10
2025,10
152,10
2515,10
1157,10
1797,10
193,10
4158,10
2858,10
1729,10
2956,10
3815,10
943,7
1675,7
1169,7
654,7
2012,7
917,7
267,7
158,7
4484,7
1275,7
1829,7
390,7
1166,7
2153,7
2044,7
2251,7
2449,7
4093,7
1615,7
3588,7
4304,7
1406,7
3699,7
397,7
3125,7
718,7
350,7
3858,7
812,7
3897,7
3589,7
4648,7
384,7
565,7
3771,7
4883,7
1625,7
4911,7
1549,7
4703,7
285,18
904,18
2474,18
795,18
3082,18
4865,18
2384,18
2600,18
94,18
707,18
510,18
4283,18
3008,18
923,18
1090,18
2281,18
2811,18
1263,18
1493,18
4747,18
768,18
3135,18
2489,18
1631,18
4957,18
4827,18
3005,18
4457,18
1633,18
1101,18
159,18
2714,18
3900,18
4743,18
4947,18
3134,18
2970,18
4890,18
1604,18
4532,18
1716,18
4225,18
3168,18
2824,18
415,18
3455,18
496,18
1636,18
4533,18
3285,18
2671,18
666,19
1772,19
1969,19
4910,19
3556,19
4245,19
3191,19
2820,19
3980,19
1488,19
672,19
1342,19
3907,19
4942,19
3892,19
2416,19
4124,19
403,19
2503,19
1397,19
1057,19
878,19
3019,19
4667,19
2446,19
1443,19
2162,19
1801,19
1027,19
2965,19
4469,19
3467,19
1930,19
1944,19
4364,19
4256,19
4709,19
3782,19
227,19
4951,19
4679,19
172,19
3597,19
4163,19
1325,19
1824,19
1356,19
2154,19
4287,19
109,19
2493,19
252,19
2198,19
3083,10
1672,10
3036,10
4199,10
1203,10
2644,10
1382,10
2274,10
1699,10
2623,10
1595,10
2801,10
217,10
3369,10
3856,10
3932,10
479,10
4699,10
54,10
3999,10
1497,10
589,10
4268,10
1542,10
299,10
3507,10
99,10
683,10
175,10
1550,10
3843,10
1248,10
4056,10
956,10
2891,10
3765,10
653,10
3833,10
673,10
1223,10
3905,10
583,10
3324,10
4358,10
39,10
782,10
4882,10
254,20
980,20
3650,20
2552,20
1892,20
3341,20
1624,20
1433,20
2938,20
1681,20
3563,20
3039,20
3458,20
1981,20
2022,20
3715,20
3918,20
2288,20
1657,20
735,20
4132,20
3102,20
1495,20
3748,20
1778,20
1997,20
3546,20
3045,20
2467,20
2529,20
4953,20
4740,20
179,20
331,20
464,20
1031,20
2129,20
3706,20
4028,20
600,20
4542,20
2942,20
4562,20
1536,20
1129,20
261,20
4263,20
958,20
4415,20
2614,20
1366,20
4856,20
2402,20
3538,20
1333,20
1120,20
974,20
744,10
402,10
517,10
2738,10
900,10
626,10
1117,10
4684,10
1823,10
2035,10
4837,10
4239,10
2556,10
374,10
1074,10
1508,10
2778,10
3161,10
1463,10
1274,10
4789,10
2084,10
759,10
3003,10
985,10
2973,10
1374,10
1992,10
4970,10
3550,10
4541,10
3258,10
4215,10
3716,10
1159,10
612,10
3428,10
4129,10
740,10
3517,10
184,10
3886,10
1229,10
3498,10
1749,10
1737,10
2113,11
1656,11
266,11
646,11
1255,11
1124,11
1038,11
2354,11
3495,11
709,11
503,11
1469,11
896,11
3554,11
2848,11
3592,11
1001,11
1044,11
1653,11
2413,11
3243,11
564,11
4020,11
1134,11
3273,11
595,11
2034,11
185,11
2719,11
614,11
3224,11
2403,11
3132,11
3463,11
1978,11
4373,11
3445,11
1667,11
2042,11
1096,11
4555,11
1895,21
2869,21
1678,21
1517,21
1208,21
3995,21
4439,21
1774,21
4849,21
4553,21
2940,21
2553,21
1069,21
3127,21
2548,21
4475,21
2752,21
1185,21
1048,21
2657,21
3471,21
1337,21
4588,21
46,21
3878,21
1790,21
186,21
3355,21
4783,21
23,21
2868,21
2282,21
1230,21
1355,21
1498,21
2690,21
4350,21
501,21
1570,21
3241,21
1099,21
3070,21
903,21
195,21
1450,21
3627,26
2477,26
2143,26
4671,26
3685,26
1271,26
2695,26
2189,26
3857,26
3153,26
4460,26
4042,26
4107,26
4079,26
2136,26
3925,26
3931,26
4363,26
2453,26
3501,26
426,26
219,26
2840,26
1172,26
3584,26
3578,26
3764,26
318,26
2732,26
3338,26
194,26
1747,26
826,26
4811,26
3027,26
3837,26
188,26
4208,26
2550,26
3431,26
1398,26
696,26
1141,26
4860,26
1007,26
2750,26
901,26
2463,26
581,24
2988,24
2120,24
2569,24
1373,24
1435,24
621,24
3470,24
1153,24
721,24
4878,24
1979,24
2099,24
4664,24
664,24
1401,24
2924,24
1413,24
668,24
4224,24
3406,24
1686,24
809,24
605,24
4196,24
1975,24
579,24
4769,24
4746,24
189,24
1890,24
2141,24
475,24
2482,24
2680,24
1902,24
3725,24
4019,24
2920,24
3582,24
1856,24
3610,24
3979,24
4061,24
971,10
2759,10
4995,10
4018,10
3337,10
2261,10
4597,10
1567,10
4262,10
4458,10
3178,10
1029,10
3352,10
4669,10
1121,10
1755,10
3059,10
4252,10
4302,10
2564,10
4675,10
1047,10
4474,10
3358,10
881,10
2399,10
919,10
870,10
2287,10
4674,10
412,10
712,10
4279,10
1985,10
4536,10
800,10
890,10
209,10
436,10
4963,10
2899,10
4907,10
584,10
2894,10
4238,10
843,10
990,10
596,10
2746,10
2016,10
222,10
3237,10
3555,10
3893,10
3020,10
2190,10
4422,10
1720,10
3107,10
4392,10
2033,10
1591,7
749,7
4325,7
2751,7
2296,7
3702,7
3985,7
2085,7
224,7
2376,7
4148,7
643,7
4381,7
484,7
4035,7
693,7
4765,7
2339,7
549,7
1724,7
1916,7
4895,7
550,7
3312,7
998,7
1510,7
368,7
441,7
4014,7
1617,7
2209,7
1344,7
976,7
2215,7
3586,7
785,7
1987,7
3062,7
298,7
1179,7
126,7
495,7
3307,7
4801,7
2152,7
4653,7
2584,7
1258,7
4896,7
1858,7
4525,7
20,7
2747,7
4284,7
3601,7
3804,6
1512,6
4830,6
2351,6
1560,6
3988,6
2337,6
1394,6
1496,6
1295,6
757,6
358,6
2001,6
4062,6
2098,6
1363,6
1102,6
4403,6
1598,6
4985,6
1410,6
1807,6
2743,6
586,6
4478,6
2543,6
3914,6
573,6
4514,6
1537,6
778,6
459,6
1683,6
435,6
1347,6
3098,6
233,6
38,6
4341,6
1862,6
3402,6
1077,6
4881,6
1650,6
1409,28
1700,28
4863,28
2903,28
2789,28
747,28
1999,28
3940,28
3374,28
2371,28
240,28
445,28
239,28
3608,28
1867,28
2665,28
3523,28
3949,28
1335,28
946,28
4409,28
2594,28
474,28
3289,28
3962,28
3992,28
3547,28
522,28
197,28
1361,28
4887,28
1025,28
3015,28
2005,28
4053,28
2134,28
3693,28
845,28
2949,28
2213,28
4033,28
2653,28
3883,28
568,28
4634,28
312,28
1840,6
4223,6
1524,6
3239,6
3620,6
4490,6
4383,6
1584,6
2826,6
4758,6
1411,6
3334,6
4313,6
1004,6
2952,6
1588,6
3728,6
794,6
4319,6
1216,6
4192,6
982,6
3622,6
2114,6
2360,6
572,6
250,6
3293,6
1428,6
1199,6
4051,6
2180,6
2808,6
2031,6
4893,6
3141,6
3194,6
4544,6
314,6
1748,6
1009,6
1468,6
4357,6
4231,6
3218,6
810,6
3726,6
3994,6
854,6
2484,6
1926,6
4116,6
3560,6
1935,6
2889,6
5000,6
3760,26
2240,26
4707,26
3394,26
2292,26
272,26
804,26
3981,26
3195,26
4069,26
348,26
4891,26
1127,26
3774,26
2595,26
2045,26
2132,26
967,26
2837,26
357,26
3751,26
2798,26
2735,26
2919,26
1559,26
3504,26
1284,26
2328,26
483,26
2877,26
925,26
1013,26
1253,26
2960,26
2472,26
4387,26
1438,26
4339,26
3075,26
4027,26
3263,26
1383,26
2102,26
1803,26
541,26
1266,26
3444,26
2581,26
4170,26
4933,31
2968,31
3587,31
2575,31
3439,31
3966,31
4396,31
3828,31
3064,31
728,31
4147,31
4706,31
2637,31
3967,31
4545,31
2639,31
2294,31
4983,31
949,31
4766,31
2835,31
409,31
833,31
273,31
2776,31
93,31
4616,31
924,31
2582,31
642,31
2740,31
2535,31
3043,31
2537,31
4049,31
502,31
4961,31
419,34
3384,34
3876,34
703,34
983,34
3346,34
3697,34
929,34
1145,34
4955,34
276,34
1440,34
4172,34
4128,34
1548,34
1998,34
4945,34
1836,34
2050,34
4635,34
4520,34
1486,34
1500,34
4161,34
3022,34
601,34
3435,34
2616,34
4994,34
4604,34
2887,34
655,34
2083,34
1434,34
2850,34
842,34
4413,34
1791,34
413,34
2333,34
2382,34
1006,34
3502,34
1864,34
2827,34
34,34
2032,34
4620,34
2048,34
4216,34
1832,34
2051,34
2790,34
2549,34
3336,34
2144,34
546,34
524,34
1751,8
4275,8
640,8
2151,8
4379,8
4408,8
2375,8
1853,8
743,8
3410,8
1585,8
4680,8
1218,8
3016,8
811,8
1654,8
4243,8
996,8
364,8
2090,8
3541,8
443,8
4032,8
652,8
2831,8
1606,8
838,8
3340,8
290,8
4433,8
692,8
1545,8
2250,8
3600,8
585,8
2006,8
3128,8
2330,8
507,8
4673,8
386,8
3791,8
3524,8
3497,8
3599,8
4326,8
3347,11
3300,11
2406,11
763,11
4850,11
4045,11
859,11
3920,11
463,11
2204,11
1593,11
4236,11
3975,11
2943,11
520,11
300,11
4271,11
4479,11
597,11
2455,11
3037,11
3450,11
2741,11
4997,11
2168,11
4160,11
1270,11
3430,11
310,11
1066,11
936,11
2781,11
4857,11
1767,11
627,11
2536,11
3092,11
3398,11
2086,11
1529,11
3378,11
382,11
3315,11
3119,11
1384,11
3166,11
4362,11
3111,11
3493,11
1516,38
304,38
2787,38
1464,38
2041,38
4232,38
4004,38
4494,38
3031,38
658,38
4017,38
4973,38
4354,38
4384,38
4094,38
1168,38
2762,38
947,38
3421,38
2383,38
1665,38
4529,38
2297,38
4624,38
2305,38
3842,38
2289,38
3594,38
3689,38
2452,38
2057,38
4728,38
2716,38
4488,38
940,38
4960,38
3723,38
3010,38
4502,38
3004,38
3174,38
1666,38
3417,38
3890,38
1445,38
3255,38
1632,38
871,38
2011,38
3414,38
3901,38
4894,38
3802,38
1473,38
960,8
4259,8
2228,8
2038,8
3459,8
1455,8
2212,8
328,8
3412,8
3370,8
4977,8
3429,8
1855,8
2359,8
2996,8
3478,8
2483,8
3769,8
4499,8
1974,8
2064,8
938,8
4063,8
2378,8
2853,8
2562,8
2494,8
1109,8
2217,8
2873,8
2844,8
825,8
4576,8
1245,8
4705,8
2386,8
1960,8
927,8
422,8
3817,8
2498,8
4869,8
4498,8
4367,8
4568,8
4519,8
4459,8
4940,8
3030,8
1813,8
2557,8
4218,40
490,40
4483,40
4370,40
1655,40
1696,40
4166,40
1907,40
2425,40
1352,40
1039,40
962,40
2187,40
3192,40
1305,40
1511,40
2260,40
1484,40
2530,40
4636,40
3629,40
2419,40
2252,40
1581,40
1628,40
2684,40
4461,40
2815,40
611,40
338,40
1314,40
1583,40
337,40
3983,40
3095,40
4665,40
2922,11
2607,11
3677,11
952,11
3177,11
1396,11
4752,11
1849,11
4327,11
4072,11
2881,11
641,11
1403,11
1050,11
1731,11
2179,11
4002,11
3173,11
471,11
4716,11
4087,11
1692,11
1501,11
344,11
1847,11
2645,11
3116,11
4088,11
4600,11
2516,11
1369,11
3682,11
4031,11
452,11
2438,11
3353,11
649,11
1206,11
1322,11
2411,11
4477,11
1900,11
623,11
840,11
553,41
1269,41
1097,41
4504,41
1527,41
1792,41
4622,41
4661,41
3761,41
3781,41
4447,41
2818,41
2514,41
657,41
361,41
1794,41
3667,41
3385,41
711,41
3371,41
2832,41
488,41
2225,41
767,41
1982,41
1784,41
4130,41
3910,41
2349,41
1846,41
82,41
407,41
3094,41
4008,41
263,41
2932,41
3438,41
4741,41
3633,41
4787,41
1416,10
1677,10
356,10
1137,10
1503,10
2175,10
724,10
3742,10
3280,10
3220,10
2720,10
2040,10
2309,10
1482,10
2725,10
2916,10
1367,10
2068,10
2859,10
1052,10
1741,10
1197,10
2315,10
1831,10
4071,10
2433,10
2256,10
819,10
4570,10
1891,10
4818,10
42,10
1154,10
4480,10
2160,10
3522,10
363,10
3185,10
2103,10
2291,10
951,10
4833,10
670,10
610,42
2829,42
4858,42
4841,42
3792,42
1899,42
2443,42
1465,42
2736,42
3079,42
4609,42
3460,42
3679,42
4755,42
2331,42
1589,42
1328,42
3345,42
993,42
4885,42
2347,42
558,42
366,42
1946,42
3590,42
3659,42
4920,42
1291,42
3086,42
1350,42
3230,42
1933,42
1490,42
4853,42
4836,42
1189,42
1932,42
3733,42
4010,42
1532,42
3190,42
3122,42
396,42
2167,42
3544,42
3924,42
3987,42
3089,42
3526,42
3188,42
4453,42
4209,42
1281,42
3131,42
2703,42
1220,6
3874,6
4347,6
1754,6
569,6
282,6
3090,6
3304,6
1005,6
1504,6
4293,6
157,6
1924,6
4151,6
3222,6
2711,6
1927,6
4868,6
3221,6
1564,6
4800,6
1795,6
554,6
1174,6
2408,6
3242,6
3573,6
930,6
3839,6
2748,6
2821,6
3640,6
2201,6
1034,6
1822,6
2978,6
1738,6
3820,6
369,6
2417,6
4640,6
2105,6
645,6
3889,6
628,6
4843,6
4572,6
354,6
2450,6
1669,11
4291,11
4214,11
425,11
52,11
1395,11
3789,11
939,11
4159,11
1391,11
4969,11
482,11
2947,11
4197,11
3299,11
4889,11
3325,11
2013,11
4267,11
3014,11
552,11
3350,11
769,11
3363,11
1254,11
4696,11
4012,11
3269,11
329,11
582,11
1010,11
620,11
1582,11
4786,11
372,11
1984,11
4184,11
3246,11
2630,11
1364,11
879,11
1691,11
2709,11
913,11
542,11
660,11
3469,11
2444,11
2200,11
4518,11
1103,11
3845,11
555,43
1368,43
1811,43
1605,43
771,43
3236,43
1860,43
1802,43
2196,43
3576,43
4905,43
3227,43
4621,43
1480,43
3811,43
3291,43
1690,43
2909,43
2429,43
1437,43
3233,43
3915,43
3488,43
2095,43
4592,43
3210,43
1459,43
2338,43
86,43
3676,43
2854,43
3568,43
4205,43
1376,43
1243,43
2571,43
4091,43
3017,43
965,43
2348,43
1718,43
2138,43
2343,43
456,43
3643,43
2257,43
4501,43
1647,43
3271,43
389,43
3124,43
1341,43
3899,43
3565,43
4650,43
4443,43
2451,43
4823,6
2666,6
1903,6
3146,6
2786,6
394,6
2521,6
4821,6
4075,6
1863,6
1828,6
1311,6
323,6
15,6
1065,6
1319,6
153,6
2082,6
288,6
705,6
2108,6
2555,6
2784,6
465,6
704,6
863,6
4007,6
4029,6
907,6
1268,6
3683,6
1381,6
4760,6
1287,6
880,6
4715,6
3799,6
3870,6
3750,6
1777,6
2149,6
1106,6
1171,6
3806,6
777,6
1061,6
3954,6
2570,6
1385,6
2447,6
2199,6
4614,44
4255,44
4508,44
395,44
3448,44
1845,44
2921,44
1162,44
3819,44
1898,44
3422,44
1256,44
975,44
4739,44
2773,44
615,44
2310,44
3701,44
2075,44
1320,44
2224,44
3029,44
4138,44
2758,44
3057,44
2906,44
4586,44
2700,44
2021,44
912,44
4516,44
2585,44
1492,44
2155,44
3968,44
1012,44
2421,44
4733,44
1775,44
4048,44
4730,44
2352,44
3423,44
3133,44
942,44
4092,44
914,44
2146,44
1474,44
2440,44
2649,44
3419,44
2471,44
4489,44
1514,44
1928,44
802,44
2350,44
3126,44
1224,44
2770,44
2397,44
3930,44
4815,11
1115,11
405,11
3681,11
3078,11
4120,11
2880,11
3624,11
297,11
1820,11
3755,11
4153,11
3780,11
4330,11
3446,11
3229,11
4976,11
4144,11
4434,11
2018,11
997,11
4603,11
824,11
851,11
3441,11
4308,11
400,11
3646,11
3903,11
37,11
2643,11
3159,11
576,11
3956,11
1053,11
1834,11
2800,11
563,11
4034,11
2259,11
4974,47
491,47
408,47
4500,47
2863,47
3499,47
4777,47
2119,47
4125,47
1682,47
3261,47
4607,47
4779,47
1679,47
2565,47
866,47
3418,47
3745,47
2253,47
4864,47
1399,47
2998,47
2534,47
90,47
4285,47
1042,47
2029,47
922,47
4320,47
3060,47
4761,47
1221,47
3213,47
3148,47
2147,47
4299,47
1377,47
889,47
1736,47
4227,47
2726,47
3486,47
4099,47
2676,47
2936,47
2573,47
1776,47
2043,47
4446,47
2426,26
1244,26
4956,26
3053,26
3934,26
4683,26
1011,26
4097,26
2344,26
437,26
3990,26
1572,26
1176,26
2009,26
2185,26
4550,26
4140,26
4260,26
2917,26
3579,26
3110,26
792,26
1865,26
2559,26
1554,26
1321,26
4155,26
1970,26
1471,26
2651,26
578,26
2951,26
1810,26
1877,26
2886,26
3248,26
1837,26
2133,26
4539,26
2211,26
1386,26
1723,26
3223,26
4720,10
680,10
2816,10
3575,10
2003,10
3085,10
3203,10
887,10
1272,10
2843,10
4052,8
4440,10
2892,10
2054,10
4217,10
1024,10
1462,10
1194,10
867,10
722,10
3972,10
1880,10
1951,10
4847,10
4829,8
2779,10
4980,8
2165,8
4838,10
4366,10
3201,10
